Place,Type
dum dum,Urban
araria,Rural
kolkata,Urban
bankura,Rural
south 24 parganas,Urban
chandrakona,Rural
copenhagen,Urban
howrah,Urban
mumbai,Urban
dhupguri,Rural
bengaluru,Urban
panihati,Urban
bhopal,Urban
rajpur sonarpur,Urban
shillong,Urban
krishnanagar,Urban
suri,Rural
nabadwip,Rural
berhampore,Urban
durgapur,Urban
bardhaman (burdwan),Urban
bongaon,Urban
new delhi,Urban
oslo,Urban
patna,Urban
tamluk,Rural
jersey city,Urban
dhakuria,Urban
hooghly,Urban
murshidabad,Rural
digboi,Rural
asansol,Urban
bangalore rural,Rural
belgharia,Urban
udaynarayanpur,Rural
kotulpur,Rural
balasore,Rural
barrackpore,Urban
haldia,Urban
arambag,Rural
united kingdom,Urban
bidhannagar,Urban
greater manchester,Urban
reading,Urban
new barrackpore,Urban
baidyabati,Urban
rampurhat,Rural
haroa,Rural
baruipur,Rural
barasat,Urban
pune,Urban
khanchi,Rural
siliguri,Urban
tinsukia,Rural
british columbia,Urban
talegaon dhamdhere,Urban
rishra,Urban
hyderabad,Urban
dhubri,Rural
kulti,Urban
diamond harbour,Urban
kanagawa-ken,Urban
jalandhar cantonment,Urban
delhi,Urban
konnagar,Urban
dubrajpur,Rural
santoshpur,Urban
raniganj,Rural
gurugram,Urban
uluberia,Rural
gorakhpur,Urban
naihati,Urban
ranaghat,Rural
dainhat,Rural
hugli-chinsurah,Urban
birati,Urban
kalyani,Urban
purulia,Rural
hong kong island,Urban
mortimer common,Rural
bamangachhi,Rural
contai,Rural
purnia,Rural
tarakeswar,Rural
malda,Rural
baruipur (p),Rural
cooch behar,Rural
basirhat,Urban
agartala,Urban
alipur,Urban
habra,Urban
amta,Rural
falta,Rural
minakhan,Rural
panskura,Rural
gurgaon,Urban
dhanbad,Urban
bavaria,Urban
garshyamnagar,Urban
south goa,Urban
bad vilbel,Urban
west virginia,Urban
west-vlaanderen,Urban
narit,Rural
warrington,Urban
nebadhai duttapukur,Rural
torun,Urban
aachen,Urban
holland village,Urban
guma,Rural
masat,Urban
galway,Urban
saint john,Urban
kilkenny,Urban
warwickshire,Urban
warley,Urban
american samoa,Urban
patihal,Rural
ards,Rural
west midlands,Urban
kanki,Rural
guam,Urban
walheim,Rural
duki,Rural
gilmanton iw,Rural
mal,Rural
oxfordshire,Urban
hokkaido,Urban
gauteng,Urban
estonia,Urban
queensland,Urban
hesse,Urban
qatar,Urban
nrth rhine westfalia,Urban
dalarna,Rural
otago,Urban
southern,Urban
gloucestershire,Urban
admiralty,Urban
geislingen,Urban
noord-brabant,Urban
new south wales,Urban
cambridgeshire,Urban
rouzan,Urban
chittagong politechnic in,Urban
kirikkale,Urban
aiho,Rural
dhakka,Urban
rangbull,Rural
anupgarh,Rural
meath,Rural
gumla,Rural
ramanathpur,Rural
nagapattinam,Rural
khodar bazar,Rural
rangabhita,Rural
naiti,Rural
pakistan,Rural
kamalapur,Rural
providence,Rural
nandail,Rural
madaripur sadar,Rural
keraniganj,Rural
tiruppattur,Rural
beerkathi,Rural
faridpur,Rural
baja california,Rural
agalgaon,Rural
champhai,Rural
nachol,Rural
hailey mandi,Rural
panagar,Rural
tenali,Rural
sobhaganj,Rural
malur,Rural
hazaribag,Rural
roorkee,Rural
baktarnagar,Rural
dakhin rampur,Rural
pabna,Rural
agla,Rural
satana,Rural
bijawar,Rural
zahirabad,Rural
sikandrabad,Rural
nanjangud,Rural
devarkonda,Rural
rochester,Rural
gopalganj,Rural
asifabad,Rural
kalipur,Rural
narail sadar,Rural
jind,Rural
mahendragarh,Rural
puthia,Rural
kabrai,Rural
barwaha,Rural
dhampur,Rural
badami,Rural
osmanpur,Rural
meherpur sadar,Rural
loni kalbhor,Rural
bilandapur,Rural
aruba,Rural
nagarpur,Rural
kanyanagar,Rural
kyoto-fu,Rural
cart road,Rural
uganda,Rural
jaunpur,Rural
samthar,Rural
chapai nawabganj sadar,Rural
dhamnod,Rural
navsari,Rural
tiruchendur,Rural
arauca,Rural
ratangarh,Rural
ranga reddy,Rural
sahajadpur,Rural
hariharpur,Rural
jamjodhpur,Rural
vrindavan,Rural
turin,Rural
aunta,Rural
sardhana,Rural
manendragarh,Rural
sonapur,Rural
kagal,Rural
halta,Rural
vilholi,Rural
bagaha,Rural
adarvita,Rural
madaripur,Rural
sangavi bk,Rural
bargarh,Rural
munshiganj sadar,Rural
amble,Rural
baramulla,Rural
siddirganj,Rural
satkania,Rural
dinajpur sadar,Rural
south sikkim,Rural
savar cantonment,Rural
bilari,Rural
shantiniketan,Rural
sirajganj sadar,Rural
salaya,Rural
tambaur-cum-ahamdabad,Rural
clovis,Rural
anantabati,Rural
puttur,Rural
koransarai,Rural
madhaiabazar,Rural
narasaraopet,Rural
machilipatnam,Rural
chanderi,Rural
naugaon sadat,Rural
kadi,Rural
dubra,Rural
singla,Rural
medininagar (daltonganj),Rural
perambalur,Rural
inderpur sujanpur,Rural
dakor,Rural
sichuan,Rural
tiruvalla,Rural
darus sunnat,Rural
chamoli gopeshwar,Rural
subidkhali,Rural
karanjia,Rural
sulanggari,Rural
ain,Rural
shreepur,Rural
bhojpur dharampur,Rural
murbad,Rural
chitradurga,Rural
budapest,Rural
kaimganj,Rural
osade,Rural
ajman,Rural
mongla port,Rural
umbhel,Rural
dabhoi,Rural
mongolia,Rural
umarkot,Rural
jalalabad,Rural
sundergarh,Rural
jessor,Rural
nagartala,Rural
newfoundland,Rural
sidhi,Rural
raipur domana,Rural
amani lakshimpur,Rural
hanumangarh,Rural
karamadai,Rural
songadh,Rural
rawatsar,Rural
new brunswick,Rural
lawngtlai,Rural
srimantapur,Rural
khurja,Rural
bhandardaha,Rural
madhepura,Rural
shankarpalle,Rural
bogura sadar,Rural
baniban,Rural
northumberland,Rural
manirampur,Rural
trinidad and tobago,Rural
rangpur,Rural
ramgarh cantonment,Rural
varkala,Rural
noakhali sadar,Rural
tapi,Rural
charamandi,Rural
durllabhganj,Rural
hatgurudaspur,Rural
jalalabad (bijnor district),Rural
dindigul,Rural
mihijam,Rural
barwala,Rural
maimansingh,Rural
jambusar,Rural
bagalkot,Rural
jhenaidah sadar,Rural
masila,Rural
pathankot,Rural
bath??and north east??somerset,Rural
burwood,Rural
dungarpur,Rural
naogaon sadar,Rural
chitrasenpur,Rural
bhawani mandi,Rural
karur,Rural
nelamangala,Rural
kundapura,Rural
chikrand,Rural
halifax,Rural
bemetara,Rural
nagod,Rural
kulihanda,Rural
atharabari,Rural
tangail sadar,Rural
chakapara,Rural
deara,Rural
wagholi,Rural
tenkasi,Rural
kondagaon,Rural
thakurgaon road,Rural
baddi,Rural
gorpara,Rural
gill,Rural
dalsinghsarai,Rural
bhawanipatna,Rural
hapur,Rural
ashoknagar,Rural
amin bazar,Rural
chatrapur,Rural
kanchipuram,Rural
saunda,Rural
aska,Rural
neemuch,Rural
singrauli,Rural
madanapalle,Rural
nibra,Rural
dalli-rajhara,Rural
junnar,Rural
rupnagar,Rural
baikunthpur,Rural
babra,Rural
kalaria,Rural
bahraich,Rural
nainan,Rural
mahemdavad,Rural
pak kishoreganj,Rural
palasgaon,Rural
sundarganj,Rural
keliveli,Rural
chamarajanagar,Rural
kovvur,Rural
chomu,Rural
surajgarh,Rural
dhar,Rural
jahanabad cantonment,Rural
mandsaur,Rural
khoksa,Rural
asandh,Rural
forbesganj,Rural
karauli,Rural
jhunjhunu,Rural
bangarapet,Rural
sirkali,Rural
l????nsi-suomi,Rural
motipur,Rural
bela pratapgarh,Rural
bhuiyanbari,Rural
sunamganj,Rural
khulna university,Rural
pathri,Rural
al khobar,Rural
tejgaon tso,Rural
karnal,Rural
avhane,Rural
kopaganj,Rural
baghpat,Rural
gavadagere,Rural
castlereagh,Rural
savindane,Rural
shahajalal science &,Rural
mehsi,Rural
olathe,Rural
puranpur,Rural
sibnagar,Rural
chuharwali,Rural
dhamanagar,Rural
joypurhat sadar,Rural
lakshimpur sadar,Rural
rajghat,Rural
bandarban sadar,Rural
mannarkad-i,Rural
podili,Rural
sonepur,Rural
bhinmal,Rural
dakshin khanda,Rural
polur,Rural
kollankodu,Rural
palwal,Rural
talcher,Rural
dhandhuka,Rural
antarctica,Rural
birwadi,Rural
gomoh,Rural
andrott,Rural
rairangpur,Rural
chandradighalia,Rural
saltor,Rural
mau ranipur,Rural
gouranadi,Rural
manasa,Rural
wadi,Rural
bhola,Rural
rajendrapur cantonment,Rural
newton,Rural
nimgaon bhogi,Rural
mohanganj,Rural
elizabeth,Rural
bras????lia,Rural
kayamkulam,Rural
georgia,Rural
narwana,Rural
nagercoil,Rural
kushtia mohini,Rural
gairkata,Rural
anjad,Rural
chatta baria,Rural
darul ulam,Rural
sindhia,Rural
jehanabad,Rural
lakhisarai,Rural
kamareddy,Rural
dahigaon,Rural
bidasar,Rural
ghoralia,Rural
bairagnia,Rural
akaltara,Rural
kamalapuram,Rural
manikchak,Rural
kichha,Rural
dudhani,Rural
bermuda,Rural
khagaria,Rural
chittagong,Rural
mehunbare,Rural
sirsa,Rural
nokpul,Rural
aliganj,Rural
shilda,Rural
patnitala,Rural
hospet,Rural
karjan,Rural
bulandshahr,Rural
kuju,Rural
qutabgarh,Rural
kuldanga,Rural
monirampur,Rural
habinagar,Rural
ramchandrapur,Rural
paschim panchla,Rural
bhuvanagiri,Rural
anandabazar,Rural
barkalikapur,Rural
anekal,Rural
sujanpur,Rural
lohare,Rural
ghazipur,Rural
chhota chhindwara (gotegaon),Rural
joda,Rural
kushinagar,Rural
gazipur sadar,Rural
pataudi,Rural
vairag,Rural
nilphamari,Rural
qadian,Rural
ramkrishnapur,Rural
kharsarai,Rural
hodal,Rural
negeri sembilan,Rural
nagthane,Rural
monte vista,Rural
kalpetta,Rural
kottakuppam,Rural
sindhnur,Rural
kamat phulbari,Rural
ghim moh,Rural
kalavad,Rural
umedpur,Rural
kantai,Rural
devakottai,Rural
char fasson,Rural
pauri,Rural
waraseoni,Rural
rajgarh (rajgarh district),Rural
uttar kalas,Rural
porsa,Urban
beldanga,Rural
beijing,Urban
milwaukee,Urban
teghari,Rural
quebec,Urban
hingoli,Rural
muzaffarpur,Urban
manbazar,Rural
nandakumar,Rural
bristol,Urban
aubervilliers,Urban
newark,Urban
antwerp,Urban
balasinor,Rural
yokohama,Urban
garwa,Rural
agra,Urban
delaware,Urban
panvel,Urban
balarampur,Rural
aurangabad,Urban
ajmer,Urban
mehsana,Urban
swarupnagar,Rural
jashpurnagar,Rural
alwar,Urban
ujjain,Urban
balaghat,Rural
phoenix,Urban
debipur,Rural
hojai,Rural
burnaby,Urban
ajax,Urban
jacksonville,Urban
kalimpong,Urban
sarberia,Rural
koraput,Rural
vienna,Urban
patulia,Rural
gelli,Rural
makardaha,Urban
jujarsaha,Rural
washington,Urban
gajraula,Rural
panaji,Urban
keshiary,Rural
bhagalpur,Urban
joka,Urban
adoni,Rural
birpara,Rural
simlapal,Rural
chandipur,Rural
bangalpur,Rural
kamrup,Urban
badu,Rural
suria,Rural
mahishadal,Rural
bhutni,Rural
solapur,Urban
arit,Rural
dandirhat p,Rural
dima hasao,Rural
harshi,Rural
burikhali,Rural
sipahijala,Rural
maizhati,Rural
firozpur,Urban
patiala,Urban
satmile,Rural
bobbili,Urban
malkha nagar,Rural
sangli (sangli-miraj kupwad),Urban
s.a.s. nagar,Urban
ganore,Rural
anandanagar,Rural
alankarpur,Rural
gulbarga,Urban
jaykrishnapur,Rural
darappur,Rural
rampur jagir,Rural
barpeta,Rural
gangawati,Rural
mankachar,Rural
borai,Rural
shirur,Rural
karimnagar,Urban
chitrakut dham,Rural
nawadih,Rural
itarhi,Rural
anchna,Rural
argoal,Rural
kashipur,Rural
shahapur,Rural
amritsar,Urban
antala,Rural
shivpuri,Urban
yamunanagar,Urban
pabna sadar,Rural
jalandhar,Urban
jhalda,Rural
baudhgarh,Rural
kailashahar,Rural
aalo along,Urban
kota,Urban
darrang,Rural
ballia,Rural
hathazari,Rural
supane,Rural
birnagar,Urban
armur,Rural
ridhora,Rural
anandpur,Rural
samastipur,Rural
nandigram,Rural
ashadtalya,Rural
mhaisang,Rural
palitana,Urban
hasimara,Rural
akilpur,Rural
secunderabad,Urban
dehri,Rural
bukhainagar,Rural
baishnabchak,Rural
nampur,Rural
akot,Rural
raypur,Rural
manchar,Rural
bairatisal,Rural
bakrol,Rural
anandpur (anandapur),Rural
dhamua,Rural
srinagar,Urban
jaisalmer,Urban
gangni,Rural
kola,Rural
dakhin kamakhyaguri,Rural
ashutia,Rural
chirkunda,Rural
channapatna,Urban
atattar,Rural
ahmednagar,Urban
amodghata,Rural
falakata,Rural
auraiya,Rural
alinan,Rural
rajnagar baharjala,Rural
siddapur,Rural
bilasiya,Rural
jalalpur,Rural
hoomgarh,Rural
alappuzha,Urban
sangli,Urban
marishda,Rural
nizamabad,Urban
chandra,Rural
palghar,Urban
sonitpur,Rural
agadoro,Rural
belpahari,Rural
mainaguri,Rural
baledi,Rural
talbandi,Rural
buti,Rural
basanti,Rural
nazirpur,Rural
bora gagangohalia,Rural
rajnagar,Rural
jerthan,Rural
anijo,Rural
karidhya,Rural
akanda,Rural
gomati,Rural
chowberia,Rural
belonia,Urban
baragaon,Rural
barunhat,Rural
karaikal,Urban
st. louis,Urban
tenu dam,Rural
churu,Urban
katihar,Urban
mayurbhanj,Rural
kolhapur,Urban
mahammadpur,Rural
mathurabagan,Rural
kollam,Urban
bhiwadi,Urban
ajang,Rural
bhosare,Rural
algarve,Urban
lowada,Rural
sri ganganagar,Urban
chandanpur,Rural
hamburg,Urban
ulhasnagar,Urban
doddamulagudu,Rural
anantapuram,Rural
egara,Rural
bihar,Rural
haripur,Rural
lanka,Rural
atgama,Rural
bharatpur,Urban
wai,Rural
mudawad,Rural
khopoli,Urban
bankra,Rural
akanda bari,Rural
gokak,Urban
jamuhar,Rural
chakhar,Rural
hatiya,Rural
dombivli,Urban
nalbari,Urban
atghara,Rural
nhavi,Rural
tajpur,Rural
basudebpur,Rural
kokapur,Rural
tura,Rural
champapukur,Rural
ancona,Urban
katikata,Rural
bankul,Rural
uttara model towntso,Urban
nagina,Rural
rangiya,Rural
chandrapara,Rural
ghonabanda,Rural
venkatapur,Rural
baharu,Rural
chhota jagulia,Rural
raghunathbari,Rural
duliagaon,Rural
rahatgarh,Rural
kupwara,Rural
ratnagiri,Urban
muragachha,Rural
thiruvananthapuram,Urban
kolasib,Rural
deganga,Rural
washim,Urban
agar,Rural
ghoom,Rural
fatehabad,Rural
kooraikundu,Rural
salua,Rural
bori,Rural
mangari,Rural
samsi,Rural
lakhimpur,Rural
pandharpur,Urban
anklesvar,Urban
abohar,Urban
baluhati,Rural
rajkot,Urban
papua new guinea,Urban
dergaon,Rural
banchukamari,Rural
pimpri khurd,Rural
alangulam,Rural
aistala,Rural
madna,Rural
akola,Urban
jaffarpur kalan,Rural
paramanandapur,Rural
hansuri,Rural
amravati,Urban
ranidanga,Rural
kushtagi,Rural
cork,Urban
amdapur,Rural
ambicapur pt vi,Rural
hardoi,Rural
palsana,Rural
sindrani,Rural
nalanda,Rural
bagdanga,Rural
abhona,Rural
arjunpur,Rural
barjora,Rural
basti,Rural
jadupur,Rural
krishna,Rural
baheri,Rural
jalchak,Rural
bhachau,Rural
simla,Urban
pauni,Rural
gandhidham,Urban
berhampur,Urban
gaya,Urban
bari,Rural
balotra,Urban
deoghar,Urban
bhigwan,Rural
teliamura,Rural
jagatsinghpur,Rural
bhogpur,Rural
tirur,Urban
chinchuria,Rural
bandalo,Rural
satara (aurangabad district),Rural
barabati,Rural
akkalkot,Urban
barobara khurd,Rural
palpara,Rural
beraberia,Rural
ambala,Urban
theni-allinagaram,Urban
porthrapur,Urban
dakshina kannada,Rural
dhuilya,Rural
titwala,Urban
tezpur,Urban
haridaspur,Rural
benipur,Rural
manivali,Rural
udupi,Urban
chinchani,Rural
daund,Rural
parbhani,Urban
guriahati,Rural
bhiwani,Urban
bhupati nagar,Rural
agartala (incl. jogendranagar,Urban
bidar,Urban
pratapgarh,Urban
beawar khas,Rural
vadbare,Rural
angul,Rural
paradip,Urban
kozhikode,Urban
kohetpur,Rural
baripada,Rural
harirampur,Rural
manglamaro,Rural
jala kendua,Rural
bhabua,Rural
pakaur,Rural
manikganj bazar,Rural
abu road,Urban
kalicharanpur,Rural
abdullahpur,Rural
bahanaga,Rural
imphal,Urban
moradabad,Urban
baishnabnagar,Rural
madurai,Urban
prithiba,Rural
akalpur,Rural
banganagar,Rural
karanjali,Rural
adarki bk.,Rural
kannauj,Rural
ankurhati,Rural
nitpur,Rural
mekliganj,Rural
arra,Rural
raurkela industrialship,Urban
keshrambha,Rural
kalwakurthy,Rural
pingla,Rural
hanschara,Rural
garacharma,Rural
amarshi kasba,Rural
nanded waghala,Urban
gangpur,Rural
bishalgarh,Rural
chak jiyadighi,Rural
kapurthala,Urban
kholapota,Rural
marigaon,Rural
lisarh,Rural
satara,Urban
oman,Urban
nadiad,Urban
panchgani,Urban
panchla,Rural
haydarganj,Rural
anantapur,Rural
bendiganahalli,Rural
hoshangabad,Urban
jhansi,Urban
janjgir-champa,Urban
vijayawada,Urban
kharagpur - munger,Rural
buldhana,Urban
manavadar,Urban
sarni,Urban
udham singh nagar,Rural
samuktola,Rural
sehara,Rural
belari,Rural
chikmagalur,Urban
madha,Rural
curchorem cacora,Urban
raghunathpur (ps-magra),Rural
shahada,Rural
perumanallur,Rural
korapgaon,Rural
mukerian,Rural
faizabad,Urban
mayani,Rural
sodepur,Urban
mukshudpur,Rural
chaital,Rural
popra,Rural
barmer,Urban
thrissur,Urban
chapar,Rural
bapatla,Rural
north lakhimpur,Rural
jaypur,Rural
songir,Rural
nandurbar,Urban
kutch,Urban
canning vale dc,Urban
gopjan,Rural
palwancha,Rural
khakurda,Rural
doda,Rural
kaleswar,Rural
chak barbaria,Rural
panchrol,Rural
pilibhit,Rural
mandi,Urban
afzalgarh,Rural
raipur bazar,Rural
jalgaon,Urban
amaliyara,Rural
etawah,Urban
bhadra,Rural
sonipat,Urban
dhenkanal,Rural
taoru,Rural
gauripur,Rural
mohammadabad (ghazipur district),Rural
vidisha,Rural
saharanpur,Urban
bihar (bihar sharif),Urban
dhola,Rural
vijayapura,Urban
gangtok (incl. upper tadong),Urban
uttar durgapur,Rural
goalpara,Rural
jorhat,Urban
hailakandi,Rural
east godavari,Rural
mathura,Urban
tiruvannamalai,Urban
naigaon,Rural
jharsuguda,Urban
raghabpur,Rural
haldwani,Urban
challakere,Rural
bahurupa,Rural
karari chandpur,Rural
achhnera,Rural
achalpur,Rural
adampur,Rural
lumding,Rural
munger,Urban
areraj,Rural
khalakpur,Rural
udalguri,Rural
vangaon,Rural
sivasagar,Rural
nethaur,Rural
haveri,Rural
yenere,Rural
halol,Rural
babanpur,Rural
chakan,Urban
hehal,Rural
kismat bajkul,Rural
kaithal,Urban
gangasagar,Rural
naskarpur,Rural
hoshiarpur,Urban
adirampattinam,Urban
balibhara,Rural
shimla,Urban
margherita,Urban
sagar,Urban
dispur,Urban
cleveland,Urban
ithaira,Rural
fatehpur,Rural
morigaon,Rural
barrie,Urban
morgaon,Rural
amroha,Urban
bodh gaya,Rural
bareilly,Urban
lataguri,Rural
jamua lachhimpur,Rural
dakshin ramchandrapur,Rural
bodwad,Rural
matigara,Rural
sultanpur,Rural
taldi,Rural
new rangia,Rural
mangaldai,Rural
mandhal,Rural
nongstoin,Rural
golaghat,Rural
dingelpota,Rural
jewar,Urban
kesabpur,Rural
adur,Rural
amudalavalasa,Rural
achampet,Rural
afzalpur,Rural
pilibanga,Rural
rajpura,Rural
antah,Rural
bazpur,Rural
binjharpur,Rural
khurai,Rural
azamgarh,Urban
satna,Rural
ashti,Rural
magrahat,Rural
usthi,Rural
bochum,Urban
bhangar raghunathpur,Rural
mirzapur,Urban
kandhulimari,Rural
hisar,Urban
banda,Rural
mahud,Rural
jamtara,Rural
taramangalam,Rural
pimpalwandi,Rural
juchandra,Rural
garaikhali,Rural
matla,Rural
cumilla sadar,Urban
siwan,Rural
khadiyanga,Rural
ahiwara,Rural
lalgarh,Rural
ichhapur defence estate,Urban
barshi,Urban
dimapur,Urban
muzaffarnagar,Urban
almora,Urban
khalisabhanga,Rural
jhajjar,Rural
adilabad,Rural
mayang imphal,Urban
matkatpur,Rural
sitamarhi,Rural
arvi,Rural
pimpri-chinchwad,Urban
tengra,Rural
bahrain,Urban
halalpur krishnapur,Rural
manakpur,Rural
bamboo flat,Rural
karbi anglong,Rural
nepal,Urban
sivaganga,Rural
kanhangad,Rural
budhana,Rural
bhadrak,Urban
prakasam,Rural
amane,Rural
shirdi,Urban
nala sopara,Urban
aizawl,Urban
maguria,Rural
ysr district,Rural
tarapur,Urban
kanaipur,Rural
jateshwar,Rural
madikeri,Urban
kanganbaria,Rural
aundhi,Rural
jadurhati,Rural
motihari,Urban
chopra,Rural
jangalpara,Rural
bhagosa,Rural
hathras,Urban
ballavpur,Rural
mudhol,Rural
ilambazar,Rural
nanded,Urban
kurnool,Urban
garulia,Urban
hingalganj,Rural
kalamsare,Rural
sahapur,Rural
diphu,Urban
serpur,Rural
kokta,Rural
narayangaon,Rural
banka,Rural
kakinada,Urban
niphad,Rural
atharo banki,Rural
raghunathpur (ps-dankuni),Urban
nilambur,Urban
ooty,Urban
vasai-virar,Urban
panchkula (urban estate),Urban
shegaon,Rural
kottagudem,Rural
sangola,Rural
mariani,Rural
beed,Urban
jagannathpur,Rural
ramtek,Rural
pukhuria,Rural
chamba,Urban
soro,Rural
dhekiajuli,Rural
brahmapur,Urban
fatapukur,Rural
nizampur,Rural
unnao,Urban
dakshin kalamdan,Rural
kasaragod,Urban
harinakundu,Rural
kashimnagar,Rural
raigarh,Urban
kharibari,Rural
sirsilla [sircilla],Urban
doom dooma,Rural
greater noida,Urban
manabari,Rural
bargachhia,Rural
porbandar,Urban
gotra,Rural
sutahata,Rural
berubari,Rural
nagrakata,Rural
sangrampur,Rural
hubli,Urban
dharmapuri,Urban
bagbari,Rural
kithaur,Rural
datali,Rural
belagavi,Urban
sirikonda,Rural
mainpuri,Rural
belur,Rural
khardi,Rural
sancoale,Urban
pinjar,Rural
otur,Rural
chandpasha,Rural
sirohi,Urban
ramjibanpur,Rural
harishpur,Rural
chanddandaha,Rural
dhumadighi,Rural
srikakulam,Urban
titagarh,Urban
jamui,Rural
mira bhayandar,Urban
barughutu,Rural
parassala,Rural
kenjal,Rural
dehurda,Rural
sukdal,Rural
binodpur,Rural
bhasa,Rural
amrauli,Rural
baksispur,Rural
babarpur ajitmal,Rural
kanksa,Rural
baniadabri,Rural
chachanda,Rural
alipurduar railway junction,Urban
tilkhoja,Rural
joypul,Rural
aland,Rural
east sikkim,Rural
bijapur,Rural
madhur,Rural
uttar kamakhyaguri,Rural
raisen,Rural
junagadh,Urban
hazaribagh,Rural
bramnhi,Rural
keutgerya,Rural
hamiltonganj,Rural
bamna,Rural
chittoor,Urban
mussoorie,Urban
medininagar,Rural
west melbourne,Urban
bharatkhali,Rural
gocharan,Rural
shimulpur,Rural
yeola,Rural
gorizia,Urban
khanpur,Rural
bermajur,Rural
dasagram,Rural
north halishahar,Rural
bhaili,Rural
punggol new town,Urban
paniara,Rural
ellenabad,Rural
bagru,Rural
chapalgaonwadi,Rural
jaintapur,Rural
bamunara,Rural
kantabanji,Rural
bhagabatipur,Rural
gangadharpur,Rural
tahakali,Rural
kendrapara,Rural
begun kodar,Rural
ballarpur,Rural
gobindapur,Rural
shyamdhan,Rural
bassi,Rural
sohagpur,Rural
kalkut,Rural
betjharia,Rural
arcot,Rural
baniban jagadishpur,Rural
kookas,Rural
vajreshwari,Rural
jalore,Rural
saharsa,Rural
sahebganj,Rural
nabiganj,Rural
tumkur,Rural
velichinatham,Rural
sarenga,Rural
bazar hasnabad,Rural
dakshin bagdogra,Rural
jaipur hat,Rural
panchpara,Rural
debhog,Rural
pathardih,Rural
bara khejuria,Rural
bahamas,Urban
anandur,Rural
sindhudurg,Rural
panipat,Urban
fursungi,Rural
dakshin chatra,Rural
basantia,Rural
benudia,Rural
mandya,Rural
palashi,Rural
chhindwara,Rural
kadambagachi,Rural
tuni,Rural
bowali,Rural
uttampur,Rural
benjanhari acharial,Rural
sekendari,Rural
thanjavur,Rural
raghudebpur,Rural
aargau,Urban
pashchim khalna,Rural
apshinge,Rural
poonch,Rural
bawashbaria,Rural
gayespur,Rural
alandi,Rural
b.i.t post office,Rural
kalikapur,Rural
sibdanga badarpur,Rural
warud,Rural
purba bishnupur m,Rural
mangalbari,Rural
mapusa,Rural
binnaguri,Rural
udgir,Rural
tuljapur,Rural
irle,Rural
phansidewa,Rural
ekalduna,Rural
tokyo-to,Urban
amkula,Rural
uttar bagundi,Rural
salanga,Rural
supaul,Rural
baska,Rural
jhorhat,Rural
chakla,Rural
kottarakkara,Rural
bhavaninagar,Rural
itinda,Rural
vishamangalam,Rural
champdani,Rural
alberta,Urban
char brahmanagar,Rural
mohar,Rural
hafania,Rural
damdim,Rural
noapara,Rural
meghalaya,Rural
danga,Rural
paithan,Rural
kalaskati,Rural
jaldia merine accade,Rural
ganrapota,Rural
kasim bazar,Rural
hasnabad,Rural
agriculture university,Rural
mirkadim,Rural
dhulagari,Rural
benapur,Rural
balangir,Rural
pura edso,Rural
namakkal,Rural
deuli,Rural
ludhiana,Urban
ghatsila,Rural
maharajganj,Rural
khandra,Rural
anjar,Rural
bavdhan,Rural
khajutti,Rural
chuknagar,Rural
edappadi,Rural
puran bharenga,Rural
tilburg,Urban
tatpara,Rural
tirunelveli,Rural
deulia,Rural
balrampur,Rural
balod,Rural
godre,Rural
anuppur,Rural
jagtial,Rural
labhpur,Rural
chatla,Rural
sadarpur,Rural
khadke bk.,Rural
banshra,Rural
chandpur,Rural
malappuram,Rural
khukur daha,Rural
amarpur,Rural
tirupati,Urban
siduli,Rural
gandibed,Rural
daria,Rural
gangachara,Rural
barunda,Rural
pathanamthitta,Rural
katghora,Rural
paschim bainan,Rural
gopalganj sadar,Rural
munshiganj,Rural
valsad,Rural
balarambati,Rural
pallapatti (karur district),Rural
peth,Rural
rasipuram,Rural
malkangiri,Rural
patdaha,Rural
balapur,Rural
satkhira,Rural
jhangra,Rural
chak bhrigu,Rural
dabra (municipality),Urban
kampli,Rural
lakshya,Rural
pusad,Rural
budhakusumi,Rural
gundlagurki,Rural
dharmapur,Rural
yavatmal,Rural
radhanagar,Rural
alibag,Rural
khandali,Rural
kalaikunda,Rural
bareli (baraily),Rural
tiruppur,Urban
bamanpukur,Rural
jaypur bil,Rural
debandi,Rural
amethi,Rural
attur,Rural
ukhali,Rural
malegaon,Rural
khoribari,Rural
sankrailjala,Rural
darbhanga,Rural
murwara,Rural
tiorkhali,Rural
raj nandgaon,Rural
dakshin raypur,Rural
taloda,Rural
dhasai,Rural
hatgachha,Rural
par beliya,Rural
east khasi hills,Rural
masaurhi,Rural
dindori,Rural
dhamtari,Rural
guledgudda,Rural
gondia,Rural
monohordi,Rural
sandelerbil,Rural
jowai,Rural
barloni,Rural
argari,Rural
akbarpur (kanpur dehat district),Rural
kohima,Rural
ambikapur,Rural
jeypore,Rural
orai,Rural
bidyadharpur,Rural
simdega,Rural
albania,Urban
bandipur,Rural
pinjaur,Rural
jammu,Rural
risod,Rural
surrey,Urban
latur,Rural
lonavale,Rural
amazonas,Urban
golapganj,Rural
satkhira sadar,Rural
arrah,Rural
others,Rural
ottawa,Urban
raichur,Rural
baksa,Rural
nabadiganta industrial township,Urban
atarra,Rural
raigachhi,Rural
baden-wurttemberg,Urban
bade bacheli,Rural
chak kanthalia,Rural
balarampota,Rural
mogra badshahpur,Rural
kalagram,Rural
kottayam,Rural
raigad,Rural
kharar,Rural
ichalkaranji,Rural
kandipedu,Rural
barda,Rural
jhalu,Rural
kuldiha,Rural
mahishdanga,Rural
parota,Rural
gangnapur,Rural
garh kamalpur,Rural
salem,Rural
kendra khottamdi,Rural
stockholms,Urban
kalka,Rural
godda,Rural
gandhinagar,Rural
pali,Rural
begari,Rural
samudrapur,Rural
nagano-ken,Urban
chintamani,Rural
alipukur,Rural
monnunagar,Rural
dighirpar,Rural
asuti,Rural
surry hills,Urban
shanghai,Urban
beawar,Rural
hingna,Rural
sitapur,Rural
ajodhya nagar,Rural
gadchiroli,Rural
madgao,Rural
pulsita,Rural
mallikpur,Rural
pudukkottai (municipality),Urban
mandvi,Rural
bhasaipaikar,Rural
deoband,Rural
shimoga,Rural
kenda,Rural
dinajpur rajbari,Rural
paud,Rural
khadalgobra,Rural
nauhatta,Rural
beharia,Rural
roha ashtami,Rural
borgaon manju,Rural
kala gachhia,Rural
latehar,Rural
semariyawan,Rural
colachel,Rural
raninagar,Rural
siddipet,Rural
thousand oaks,Urban
dharamsala,Rural
chandpala anantapathpur,Rural
patan,Rural
gir somnath,Rural
begamganj,Rural
ambajogai,Rural
bharuch,Rural
parli,Rural
krishnagiri,Rural
dalurband,Rural
paonta sahib,Rural
remuna,Rural
laksar,Rural
rishikesh,Urban
babina,Rural
baliadanga,Rural
chong ghurali,Rural
nawada,Rural
burhanpur,Rural
aligarh,Rural
dakshin khagrabari,Rural
chhatak cement facto,Rural
kopargaon,Rural
amalgaon,Rural
tampa,Urban
kurkumbh,Rural
pritipur,Rural
sabdalpur,Rural
dumkee,Rural
bina etawa,Rural
sivakasi,Rural
pakur,Rural
adhewada,Rural
ghoraberia,Rural
mancherial,Rural
wyoming,Urban
bhilwara,Rural
paya lebar,Urban
uran islampur,Rural
thoothukkudi,Rural
bhaduri,Rural
bamunari,Rural
chilwania persawna,Rural
chitalmari,Rural
durham,Urban
nischintapur,Rural
bhilai nagar,Urban
kagaznagar,Rural
sopore,Rural
daman and diu,Urban
bhimram,Rural
jalna,Rural
petua,Rural
tumsar,Rural
bundi,Rural
virudhunagar,Rural
riyadh,Urban
phusro,Rural
jashore cantonment,Rural
bijnor,Rural
ferozepur jhirka,Rural
barua,Rural
bhuj,Rural
bahula,Rural
mirjapur,Rural
pittsburgh,Urban
salipur,Rural
reggio emilia,Urban
solan,Rural
balachaur,Rural
uttar raypur,Rural
mirpur tso,Rural
birodhi,Rural
koregaon bhima,Rural
limla,Rural
ostagram,Rural
borsad,Rural
western cape,Urban
ramchandrapur (sonarpur subdistrict),Rural
dubai outlet city,Urban
kanker,Rural
baneshwarpur,Rural
dogachhia,Rural
kasganj,Rural
boradi,Rural
manikganj sadar,Rural
margaon,Rural
tehri,Rural
guna,Rural
banjetia,Rural
cumilla cantonment,Rural
baliapal,Rural
palanpur,Rural
gora bazar,Rural
deulpur,Rural
chaibasa,Rural
karad,Rural
balidiha,Rural
banarhat tea garden,Rural
gazaria,Rural
panuria,Rural
basantapur,Rural
rajegaon,Rural
chakia,Rural
malkapur,Rural
banaskantha,Rural
ghuni,Rural
lasalgaon,Rural
boise,Urban
kizhuparamba,Rural
sangrur,Rural
hanspukuria,Rural
nasibpur,Rural
geonkhali,Rural
grande lisboa,Urban
100000018 river,Urban
tanzania,Urban
poznan,Urban
madhubani,Rural
pangri,Rural
kolar,Rural
davanagere,Rural
jajpur road,Rural
zug,Urban
dharmavaram,Rural
nilanga,Rural
kakdihi,Rural
eluru,Rural
kantlia,Rural
gondal,Rural
pandul,Rural
khategaon,Rural
toda bhim,Rural
teghra,Rural
sangamner,Rural
rajgurunagar (khed),Rural
kodangipalayam,Rural
ambad,Rural
panpara,Rural
maner,Rural
denver,Urban
pen,Rural
talegaon dabhade,Rural
rajshahi sadar,Rural
bodinayakkanur,Rural
bheramara,Rural
pudukkottai (census town),Urban
kodarma,Rural
chhota suzapur,Rural
bellary,Rural
rajapur,Rural
chunar,Rural
visnagar,Rural
prasadpur,Rural
dakuarhat,Rural
homnabad,Rural
nalpur,Rural
atra shilpa area,Rural
chengalpattu,Rural
mysore,Rural
senhati,Rural
tel aviv,Urban
hazel grove,Urban
khamgaon,Rural
medini mandal edso,Rural
sonada khasmahal,Rural
fatepur,Rural
poali,Rural
betpuli,Rural
sankarpur,Rural
daulatpur,Rural
dakshin baguan,Rural
andhari,Rural
dahod,Rural
goola,Rural
naini tal,Urban
cuddalore,Urban
zielona gora,Urban
dhaoa,Rural
kannur,Urban
tulshighata,Rural
kusumbe,Rural
rampur,Rural
biswan,Rural
periyakulam,Rural
hayemchar,Rural
kalua,Rural
jhalrapatan,Rural
botad,Rural
barauni,Rural
uttarkashi,Rural
kendujhar,Rural
jambhul,Rural
dinga khola,Rural
champa,Rural
jahalda,Rural
hilton head island,Urban
kulgam,Rural
serchhip,Rural
mhaswad,Rural
balisai,Rural
bethuaduari,Rural
thakurgaon sadar,Rural
sheopur,Rural
akluj,Rural
dihimandalghat,Rural
anantnag,Rural
pasighat,Rural
pratapgarh,Rural
hansela,Rural
buldana,Rural
paldhui,Rural
una,Rural
rajsamand,Rural
hosur,Rural
kaijuri,Rural
zuid-holland,Urban
dhaka,Urban
paste,Rural
markapur,Rural
buri goalini,Rural
erode,Rural
mushabani,Rural
nalgonda,Rural
jafrabad,Rural
narkatiaganj (shikarpur),Rural
chaltia,Rural
kurvande,Rural
jhalokati sadar,Rural
kultikri,Rural
jaleswar,Rural
gunakar kati,Rural
gouranagar,Rural
rohtas,Rural
shamli,Rural
kaman,Rural
san mateo,Urban
baramati,Rural
raisinghnagar,Rural
chittorgarh,Rural
lalganj,Rural
coral springs,Urban
viluppuram,Rural
shahjahanpur,Rural
buxar,Rural
mharal bk,Rural
mansa,Rural
malshiras,Rural
barbil (bada barabil),Rural
sillod,Rural
maunath bhanjan,Rural
dhosa,Rural
hougang,Urban
abutorab,Rural
leh,Rural
harihar,Rural
baralekha,Rural
afghanistan,Rural
surendranagar,Rural
barcelona,Urban
bharvas,Rural
sambhal,Rural
hazir hat,Rural
bilpahari,Rural
saidpur,Rural
gourambha,Rural
aditmari,Rural
kalikapota,Rural
east bernard,Rural
daman(damao),Urban
sakleshpur,Rural
hoskote,Rural
stockholm,Urban
kelambakkam,Rural
chakchaka,Rural
chandausi,Rural
mayiladuthurai,Rural
udhampur,Rural
islamia madrasha,Rural
montana,Rural
f?rozabad,Rural
anup nagar,Rural
cherthala,Rural
utraula,Rural
thiruvarur,Rural
jahazpur,Rural
anjangaon,Rural
mallik bagan,Rural
basai,Rural
hajipur,Rural
bangla hili,Rural
gazirhat,Rural
abdulpur,Rural
mandarbani,Rural
khagrabari,Rural
khandaj,Rural
nagewadi,Rural
kawardha,Rural
benia gram,Rural
rabkavi banhatti,Rural
datia,Rural
north east lincolnshire,Urban
teleni para,Rural
bhikhiwind,Rural
batika,Rural
rajmahal,Rural
balia,Rural
bakhtiyarpur,Rural
dev pimpri,Rural
domar,Rural
karmala,Rural
rajsthali,Rural
gulshan model town,Urban
belgaum,Rural
pirangut,Rural
palli unnyan academy,Rural
chak kashipur,Rural
vizianagaram,Rural
purusottampur,Rural
chandpur m,Rural
mithapukur,Rural
kshidirpur,Rural
taradgaon,Rural
belfast,Urban
badamtam tea garden,Rural
kuruda,Rural
kantaphod,Rural
dhania,Rural
latpanchar,Rural
dakra,Rural
dhaka district,Urban
indi,Rural
wardha,Rural
baidyanathpur,Rural
etmadpur,Rural
chatur bhujkathi,Rural
nellore,Rural
moulvibazar sadar,Rural
giria,Rural
kiapada,Rural
t.p. lamua,Rural
badvel,Rural
baksinagar,Rural
basina,Rural
rameswarpur,Rural
vaggyakul so,Rural
chirmiri,Rural
baraut,Rural
mohammadpur housing,Rural
modanimb,Rural
ambhua,Rural
uttar kusum,Rural
pusegaon,Rural
hamidpur,Rural
purbba narayanpur,Rural
gopinathpur,Rural
avadi,Rural
pollachi,Rural
bayezid bostami,Rural
chavali,Rural
titlagarh,Rural
nawapara,Rural
pangachhiya,Rural
peddapalle,Rural
one-north,Urban
mahabubnagar,Rural
dugda,Rural
topsi,Rural
nigeria,Rural
matiari,Rural
sashpur,Rural
mihitikri,Rural
sth. gloucestershire,Urban
banupur,Rural
alikhoja,Rural
kuwait,Urban
dodka,Rural
sadashivnagar,Urban
mirik,Rural
swarupkathi,Rural
amla,Rural
jamalpur,Rural
baisguri,Rural
bandoan,Rural
punglia,Rural
kajaldighi,Rural
annur,Rural
anulia,Rural
krishna chandrapur,Rural
nalgora,Rural
ankola,Rural
mahipur,Rural
nowrangapur,Rural
faridkot,Rural
sault ste. marie,Urban
mathbaria,Rural
kaliko cotton mills,Rural
south bend,Urban
dabgram,Rural
damoh,Rural
brampton,Urban
kakching,Rural
mohera,Rural
chikodi,Rural
umbraj,Rural
chhota udaipur,Rural
bihat,Rural
vashind,Rural
dhulasimla,Rural
natepute,Rural
pakshi,Rural
chamrail,Rural
warangal,Rural
nohar,Rural
korotia,Rural
amlagora,Rural
khadinan,Rural
chak srikrishna (ward no. 29 & 30),Rural
bhalki,Rural
kazirchar,Rural
marunji,Rural
hnila,Rural
kalyanpur,Rural
chuadanga sadar,Rural
osmanabad,Rural
tumakuru,Rural
mon,Rural
uttar bagdogra,Rural
barisal,Rural
reno,Urban
rangpo,Rural
cambridge,Urban
ratu,Rural
syracuse,Urban
rajgurunagar,Rural
mahishrekha,Rural
char maijdia,Rural
bantra,Rural
jagatnagar,Rural
gohana,Rural
hindusthan cables town,Rural
bara,Rural
palakkad,Rural
sumerpur,Rural
dakshin narikelda,Rural
kaliganj upo,Rural
nagbari,Rural
ichapur,Rural
amreli,Rural
panchbibi,Rural
bail hongal,Rural
manesar,Rural
banga,Rural
amalhara,Rural
antigua and barbuda,Rural
sonatikiri,Rural
ghoshghati,Rural
krishna sali,Rural
bandipore,Rural
birmitrapur,Rural
anaheim,Urban
gabberia,Rural
raynagar,Rural
bandhail,Rural
chalakudy,Rural
phulbani,Rural
bahadurganj,Rural
bhandara,Rural
lunglei,Rural
shailkupa,Rural
pathardi,Rural
porsha,Rural
manglaur,Rural
dhanki,Rural
chunarughat,Rural
sikar,Rural
narisha,Rural
barbatia,Rural
baneswar,Rural
palani,Rural
faridabad (new township),Urban
mirpur,Rural
naldanga,Rural
shenton way,Urban
tonk,Rural
great neck,Urban
andarsul,Rural
jogbani,Rural
thoubal,Rural
kishoreganj sadar,Rural
kulaura,Rural
lalpur,Rural
narsingarh,Rural
jashore sadar,Rural
ruiya,Rural
mithipur,Rural
kaugachhi,Rural
hijuli,Rural
mymensingh sadar,Rural
atghoria,Rural
kolam ayer,Rural
chhanera,Rural
saxony,Urban
chak alampur,Rural
jeur,Rural
sakharwadi,Rural
chandauli,Rural
dakshin santoshpur,Rural
loni deokar,Rural
ottappalam,Rural
chatra,Rural
govardhan,Rural
"bid (bir, beed)",Rural
joliet,Urban
berandari bagaria,Rural
dakshin odlabari,Rural
national university,Rural
dhusaripara,Rural
bhuban,Rural
kamranga,Rural
kishangarh renwal,Rural
bhograi,Rural
belize,Rural
vaniyambadi,Rural
chengam,Rural
rohtak,Rural
charampa,Rural
karjat,Rural
chumukedima,Rural
bijbehara,Rural
samali,Rural
deogarh,Rural
rethare bk.,Rural
campeche,Rural
sonatola,Rural
tarikere,Rural
sitarganj,Rural
chaulia,Rural
bishrampur,Rural
rajouri,Rural
khair,Rural
uttar bishnupur,Rural
chandbali,Rural
bhadne,Rural
damua,Rural
farrukhabad (farrukhabad-cum-fatehgarh),Rural
susnng durgapur,Rural
chhora,Rural
barauli,Rural
calgary,Urban
paldhi,Rural
matelli,Rural
kriparampur,Rural
north goa,Rural
jaygaon,Rural
kushtia sadar,Rural
jagijhora barabak,Rural
bhiwapur,Rural
mohpa,Rural
vatar,Rural
vaijapur,Rural
redmond,Urban
gurdaspur,Rural
akkelpur,Rural
rayagada,Rural
udumalaipettai,Rural
ambasamudram,Rural
ponda,Rural
shashati,Rural
strathfield,Urban
anchorage,Urban
chhatarpur,Rural
bilhaur,Rural
bahir sarbamangala,Rural
huntsville,Urban
yadgir,Rural
uttar madarihat,Rural
akbarpur (ambedkar nagar district),Rural
badhagachhi,Rural
nahazari,Rural
chinnasalem,Rural
rewa,Rural
sylhet sadar,Rural
sri city,Rural
natibpur,Rural
rae bareli,Rural
odlabari,Rural
jagdalpur,Rural
aliyarpur,Rural
carinthia,Rural
dubai internet city,Urban
chirawa,Rural
rialto,Urban
brstish indian ocean territory,Rural
brussels,Urban
nova scotia,Urban
windsor,Urban
chattagam,Rural
bhainsa,Rural
arwal,Rural
dhanore,Rural
kattumannarkoil,Rural
khajuraho,Rural
narayanganj sadar,Rural
kathua,Rural
keramatganj,Rural
janka,Rural
paltapara,Rural
bikihakola,Rural
kotamgaon,Rural
bakhri,Rural
gangapur,Rural
ekabbarpur,Rural
naba kola,Rural
joynagar,Rural
rewari,Rural
budaun,Rural
chiplun,Rural
sawantwadi,Rural
bhadravati,Rural
sawai madhopur,Rural
baidyanathpara,Rural
naupala,Rural
homna,Rural
fatwa,Rural
chindhawali,Rural
sadabad,Rural
panpur,Rural
tiruchirappalli,Rural
mahendrapur,Rural
kishoriganj,Rural
uttarparanij,Rural
saxony-anhalt,Rural
khandwa,Rural
patharberia,Rural
kamshet,Rural
hertfordshire,Urban
v????stra g????talands l????n,Rural
godhra,Rural
kharisha,Rural
etah,Rural
kadus,Rural
mahbubnagar,Rural
tisa,Rural
"siddharthnagar (tetri bazar, naugarh)",Rural
marakkanam,Rural
jagadishpur,Rural
kottur,Rural
cresco,Rural
allapur,Rural
ontario,Urban
singra,Rural
majhara pipar ahatmali,Rural
phaltan,Rural
chikhli,Rural
veraval,Rural
kandhar,Rural
malegaon bk,Rural
kasrawad,Rural
chengannur,Rural
ban harishpur,Rural
prayagpur,Rural
anupgarh,Rural
sonepat,Urban
moga,Urban
punggol,Urban
bukit timah,Urban
buona vista,Urban
farrer park,Urban
tuas,Urban
alexandra,Urban
rochor-kampong glam,Urban
boon lay,Urban
jalan besar,Urban
ang mo kio,Urban
marina centre,Urban
bishan,Urban
manchester,Urban
jurong east,Urban
newtownabbey,Urban
warszawa,Urban
burbank,Urban
bratislava,Urban
fremont,Urban
c.moscow,Urban
minato city,Urban
bhiwandi,Urban
praha,Urban
ann arbor,Urban
yew tee,Urban
gonda,Rural
abhaynagar,Rural
muhammadabad,Rural
rajpur,Rural
jatani,Rural
surajpur,Rural
velapur,Rural
panuhat,Rural
sirsi,Rural
kuzhithurai,Rural
jettingen,Rural
gobranawapara,Rural
magura sadar,Rural
brooklyn,Urban
nari,Rural
guntakal,Rural
woodlands,Urban
york,Urban
nasaratpur,Rural
dafarpur,Rural
shahdol,Rural
dausa,Rural
karwar,Rural
hatbar bazar,Rural
narayanganj,Urban
nerima city,Urban
tanuku,Rural
firozpur cantonment,Urban
umaria,Rural
queens county,Urban
kovilpatti,Rural
brahamanbaria sadar,Rural
patnagarh,Rural
florence,Urban
narsingdi,Rural
dera bassi,Urban
paschimbhatjangla,Rural
paschim jitpur,Rural
bagerhat sadar,Rural
mubarakpur,Rural
bilsi,Rural
paramakudi,Rural
gudiyatham,Rural
tilhar,Rural
tandur,Rural
keota,Rural
jha jha,Rural
tiruttani,Rural
marina east,Urban
bukit panjang,Urban
karera,Rural
tiruvallur,Rural
antioquia,Rural
museum,Urban
choa chu kang,Urban
sardarshahar,Rural
banswara,Rural
batul,Rural
vennanagar,Rural
pilkhuwa,Rural
angola,Rural
rupganj,Rural
eunos,Urban
taipei,Urban
shujalpur,Rural
waris aliganj,Rural
bukit batok,Urban
lohardaga,Rural
rudarpur,Rural
bakshi ka talab,Urban
barguna,Rural
deoria,Rural
bargadi magath,Rural
mahuli,Rural
virudhachalam,Rural
gursahaiganj,Rural
netherlands antilles,Rural
parvatipuram,Rural
chattogram airport,Urban
malout,Rural
ashta,Rural
kukurjan,Rural
gegaon,Rural
gomia,Rural
koonammavu,Rural
badnagar,Rural
downey,Urban
koduvayur,Rural
punalur,Rural
nagari,Rural
gobichettipalayam,Rural
mukher,Rural
harindanga,Rural
sundarnagar,Rural
dewas,Rural
karad rural,Rural
suryapet,Rural
nawanshahr,Rural
rajauli,Rural
kadapa,Rural
jamkhandi,Rural
chika,Rural
panna,Rural
bhander,Rural
bassi pathana,Rural
tohana,Rural
mahasamund,Rural
piro,Rural
jaspur,Rural
seoni malwa,Rural
lagda,Rural
chalisgaon,Rural
pavagada,Rural
jaora,Rural
tiptur,Rural
balihati,Rural
dholka,Rural
rania,Rural
sankarankoil,Rural
baloda bazar,Rural
pachora,Rural
ramanathapuram,Rural
madhabpasha,Rural
sheoganj,Rural
aonla,Rural
medchal,Urban
santa clara,Urban
jetpur navagadh,Rural
sanaur,Rural
dwari geria,Rural
morena,Rural
bhongaon,Rural
rajendrapur,Rural
ambah,Rural
mirzapur (mirzapur-cum-vindhyachal),Rural
brindabanpur,Rural
sasaram,Rural
uppsala l????n,Urban
shajapur,Rural
pangaon,Rural
dhuri,Rural
shrirampur,Rural
koppal,Rural
lonand,Rural
jirapur,Rural
adamighi,Rural
pardi,Rural
keelapavoor,Rural
nainpur,Rural
kenya,Rural
redfern,Urban
manawar,Rural
hiriyur,Rural
nagaur,Rural
lachhmangarh,Rural
khalilabad,Rural
ranipet,Rural
khammam,Rural
bhupalpalle,Rural
narnaul,Rural
dhule,Rural
palashban,Rural
dhamani,Rural
jonapur,Rural
mandidip,Rural
krishnarajanagara,Rural
pulivendula,Rural
pithampur,Urban
hisua,Rural
bahadurgarh,Urban
altus,Urban
shivali,Rural
nimgaon ketki,Rural
sangareddy,Rural
sohna,Rural
ujhari,Rural
shantinagr,Rural
muradnagar,Rural
ukhrul,Rural
hukeri,Rural
lunavada,Rural
yellandu,Rural
falna,Rural
saudi arabia,Rural
jamkhed,Rural
kumbakonam,Rural
maihar,Rural
melur,Rural
paschim gazipur,Rural
ahmadbad,Urban
tadepalligudem,Rural
hincha gerya,Rural
gumgaon,Rural
gola gokarannath,Rural
andorra,Rural
chirala,Rural
punganuru,Rural
hansi,Rural
kangaon,Rural
naya gaon,Rural
watson,Urban
jorethang,Rural
ariyalur,Rural
ramachandrapuram,Rural
mundi,Rural
jagatsinghapur,Rural
modasa,Rural
kalol,Rural
hajdu-bihar,Rural
keshod,Rural
zirakpur,Urban
sarwar,Rural
shela,Rural
phagwara,Rural
masur,Rural
bihta,Rural
velur,Rural
bhanjanagar,Rural
rajampet,Rural
tarn taran sahib,Rural
harda,Rural
makrana,Rural
sutrapada,Rural
sangariya,Rural
mughalsarai,Urban
bablari dewanganj,Rural
barwani,Rural
alirajpur,Rural
bagabandar,Rural
amaroo,Rural
rome,Urban
chidambaram,Rural
thanesar,Rural
rajula,Rural
bhind,Rural
ajnala,Rural
karachi,Urban
kumirmora,Rural
kora jahanabad,Rural
radhapur,Rural
mountain view,Urban
dandeli,Rural
walchandnagar,Rural
luxmibardhan,Rural
badda,Urban
sawargaon,Rural
brahman bariya,Rural
kurseong,Rural
sattur,Rural
laskarpara,Rural
chattogram,Urban
bardoli,Rural
anowara,Rural
sharjah,Urban
pirojpur,Rural
renigunta,Rural
khalia,Rural
north katuli,Rural
garalgachha,Rural
mugkalyan,Rural
belebathan,Rural
north little rock,Urban
bara suzapur,Rural
mungeli,Rural
milak,Rural
dubrovnik-neretva,Urban
bogura cantonment,Urban
jaluidanga,Rural
joyag,Rural
bhabki,Rural
gadhinglaj,Rural
igatpuri,Rural
mahmudabad,Rural
saiha,Rural
rahuri,Rural
maricha,Rural
satpati,Rural
khulna,Urban
alathur,Rural
dibiyapur,Rural
fthiotis,Rural
kheri,Rural
amarillo,Urban
gadarwara,Rural
waltham,Urban
chak bankola,Rural
lohagora,Rural
jetia,Rural
kurigram sadar,Rural
vikarabad [vicarabad],Rural
sherpur,Rural
patratu,Rural
bhanowara,Rural
goainghat,Rural
kitchener,Urban
parlakhemundi,Rural
ghatkesar,Rural
barishal sadar,Rural
allentown,Urban
galachipa,Rural
